{"stats":{"minecraft:custom":{"minecraft:interact_with_furnace":3,"minecraft:mob_kills":36,"minecraft:traded_with_villager":27,"minecraft:interact_with_crafting_table":5,"minecraft:open_barrel":28,"minecraft:play_one_minute":160626,"minecraft:leave_game":17,"minecraft:time_since_death":36607,"minecraft:climb_one_cm":245,"minecraft:time_since_rest":36636,"minecraft:open_enderchest":1,"minecraft:sprint_one_cm":132629,"minecraft:damage_taken":14,"minecraft:walk_one_cm":376374,"minecraft:drop":21,"minecraft:damage_dealt":7005,"minecraft:talked_to_villager":40,"minecraft:fly_one_cm":850629,"minecraft:open_chest":20,"minecraft:crouch_one_cm":245,"minecraft:deaths":2,"minecraft:sneak_time":1649,"minecraft:walk_under_water_one_cm":6437,"minecraft:jump":953,"minecraft:walk_on_water_one_cm":6446,"minecraft:fish_caught":4,"minecraft:horse_one_cm":177800},"minecraft:crafted":{"minecraft:oak_planks":76,"minecraft:emerald":17,"minecraft:fishing_rod":2,"minecraft:crafting_table":1,"minecraft:furnace":1,"minecraft:cooked_salmon":48,"minecraft:air":0,"minecraft:stick":12,"minecraft:iron_ingot":14,"minecraft:chest":1,"minecraft:iron_shovel":1,"minecraft:torch":28},"minecraft:picked_up":{"minecraft:andesite":8,"minecraft:salmon":4,"minecraft:leather":5,"minecraft:diamond_sword":1,"minecraft:diamond_horse_armor":1,"minecraft:flint":6,"minecraft:oak_log":12,"minecraft:dirt":8,"minecraft:rabbit_hide":2,"minecraft:iron_ingot":11,"minecraft:beef":3,"minecraft:iron_ore":14,"minecraft:poppy":4,"minecraft:oak_planks":1,"minecraft:torch":4,"minecraft:gravel":45,"minecraft:sand":5,"minecraft:diorite":7,"minecraft:carrot":1,"minecraft:barrel":1,"minecraft:rotten_flesh":2,"minecraft:granite":5,"minecraft:bone_meal":5,"minecraft:saddle":1,"minecraft:mutton":1,"minecraft:coal":1,"minecraft:nether_star":1,"minecraft:white_wool":1,"minecraft:cobblestone":317},"minecraft:killed":{"minecraft:cat":1,"minecraft:rabbit":2,"minecraft:iron_golem":3,"minecraft:sheep":10,"minecraft:pillager":1,"minecraft:zombie":5,"minecraft:villager":8,"minecraft:cow":6},"minecraft:mined":{"minecraft:torch":1,"minecraft:granite":5,"minecraft:grass_block":2,"minecraft:oak_planks":1,"minecraft:diorite":7,"minecraft:wall_torch":1,"minecraft:iron_ore":14,"minecraft:barrel":3,"minecraft:andesite":8,"minecraft:grass":10,"minecraft:oak_log":12,"minecraft:coal_ore":1,"minecraft:gravel":51,"minecraft:dirt":9,"minecraft:stone":317,"minecraft:oak_leaves":1},"minecraft:used":{"minecraft:water_bucket":1,"minecraft:iron_shovel":45,"minecraft:flint_and_steel":1,"minecraft:dead_bush":10,"minecraft:oak_planks":9,"minecraft:oak_sign":6,"minecraft:chest":5,"minecraft:ender_chest":1,"minecraft:diamond_axe":14,"minecraft:oak_door":2,"minecraft:torch":35,"minecraft:tnt":1226,"minecraft:crafting_table":1,"minecraft:crossbow":40,"minecraft:obsidian":14,"minecraft:oak_log":102,"minecraft:ender_eye":12,"minecraft:diamond_pickaxe":370,"minecraft:command_block":1,"minecraft:barrel":6,"minecraft:fishing_rod":16,"minecraft:glowstone":26,"minecraft:diamond_sword":139,"minecraft:bow":14,"minecraft:furnace":1,"minecraft:end_portal_frame":12},"minecraft:dropped":{"minecraft:water_bucket":1,"minecraft:diamond_axe":1,"minecraft:diamond_hoe":1,"minecraft:obsidian":1,"minecraft:rotten_flesh":2,"minecraft:leather":2,"minecraft:ender_eye":1,"minecraft:salmon":2,"minecraft:flint_and_steel":2,"minecraft:diamond_sword":2,"minecraft:mutton":1,"minecraft:diamond_pickaxe":1,"minecraft:end_portal_frame":1,"minecraft:dead_bush":1,"minecraft:barrel":1,"minecraft:beef":1,"minecraft:fishing_rod":1,"minecraft:white_wool":1}},"DataVersion":1943}